Country Name,Country Code,Indicator Name,Indicator Code,Attribute,2012,2013,2014,2015,2016,2017,2018,2019,2020,2021,Base Year
Philippines,566,"External Trade, Imports of Goods and Services, Percent Change",TM_R_PC_PP_PT,Value,,0.200798613,14.90558288,13.22679081,9.002665547,2.787334042,5.241875355,5.730074605,5.502133756,6.074727401,
Singapore,576,"External Trade, Imports of Goods and Services, Percent Change",TM_R_PC_PP_PT,Value,,5.390545099,5.330871642,7.044583167,0.825551284,1.33036113,3.921042914,4.328352887,4.447905962,4.849560466,
Thailand,578,"External Trade, Imports of Goods and Services, Percent Change",TM_R_PC_PP_PT,Value,,1.578704705,-5.279758934,0.806381862,-3.181699574,3.474188356,3.536730546,3.64435402,3.97933357,3.840476512,
Vietnam,582,"External Trade, Imports of Goods and Services, Percent Change",TM_R_PC_PP_PT,Value,,19.26601721,14.08729043,20.77972716,11.36508352,8.207265015,12.03958872,13.39977739,13.05089222,13.015151,
Bhutan,514,"External Trade, Imports of Goods and Services, Percent Change",TM_R_PC_PP_PT,Value,,-15.21263691,-4.94614983,-0.084669652,8.053187897,5.40929368,-1.913506878,-0.225860428,-4.796220371,0.861615579,
Kiribati,826,"External Trade, Imports of Goods and Services, Percent Change",TM_R_PC_PP_PT,Value,,5.762068736,0.457180371,9.621787523,7.725440467,-14.76101279,0.741008856,-0.025844888,0.128482615,0.138515689,
Maldives,556,"External Trade, Imports of Goods and Services, Percent Change",TM_R_PC_PP_PT,Value,,5.647248549,11.39136062,-1.525170445,6.043676089,3.911891197,6.078705553,-0.658983351,-0.027042988,2.872915087,
Palau,565,"External Trade, Imports of Goods and Services, Percent Change",TM_R_PC_PP_PT,Value,,3.425136589,21.33444157,9.598496809,0.398197262,9.888700803,5.719801336,-0.357622593,0.4790374,1.560279399,
Papua New Guinea,853,"External Trade, Imports of Goods and Services, Percent Change",TM_R_PC_PP_PT,Value,,-2.009480894,-2.772058925,-8.473924127,-2.952181759,2.76618918,0.973519524,0.757052093,1.004799432,0.597333034,
Solomon Islands,813,"External Trade, Imports of Goods and Services, Percent Change",TM_R_PC_PP_PT,Value,,11.78455379,-1.75044459,3.492772552,4.486424313,3.491275545,0.025137526,1.718542089,3.004974625,1.597601726,
Mongolia,948,"External Trade, Imports of Goods and Services, Percent Change",TM_R_PC_PP_PT,Value,,0.214280854,-4.137650336,-28.94724519,-0.019828918,0.887354379,-10.21719349,1.320992515,4.331414256,-6.622875429,
Australia,193,"Fiscal, General Government, Gross debt position, 2001 Manual, Percent of FY GDP",GGXWDG_G01_GDP_PT,Value,,30.82911052,34.32283047,37.63774914,40.94293471,43.24512712,43.45482991,42.30054175,40.63049707,39.00582038,
Japan,158,"Fiscal, General Government, Gross debt position, 2001 Manual, Percent of FY GDP",GGXWDG_G01_GDP_PT,Value,,244.4774055,249.1137391,247.9758642,250.3503767,253.0278186,254.945805,254.6957425,254.4972397,253.8811915,
New Zealand,196,"Fiscal, General Government, Gross debt position, 2001 Manual, Percent of FY GDP",GGXWDG_G01_GDP_PT,Value,,30.80203202,30.31870759,29.94706535,29.88979474,29.16173978,26.79460751,25.59529923,24.61625608,23.07156964,
"China, P.R.: Mainland",924,"Fiscal, General Government, Gross debt position, 2001 Manual, Percent of FY GDP",GGXWDG_G01_GDP_PT,Value,,36.9283753,39.83093208,42.91928325,46.3002603,49.86638539,52.59688031,54.61505343,56.13105957,57.21285713,
"China, P.R.: Hong Kong",532,"Fiscal, General Government, Gross debt position, 2001 Manual, Percent of FY GDP",GGXWDG_G01_GDP_PT,Value,,0.5199707,0.06537492,0.062232364,0.060712569,0.059025043,0.056246056,0,0,0,
"Korea, Republic of",542,"Fiscal, General Government, Gross debt position, 2001 Manual, Percent of FY GDP",GGXWDG_G01_GDP_PT,Value,,33.75749548,35.87620122,37.88871555,38.90881629,39.23765306,38.81633869,37.8404125,36.76686007,35.56141434,
Taiwan Province of China,528,"Fiscal, General Government, Gross debt position, 2001 Manual, Percent of FY GDP",GGXWDG_G01_GDP_PT,Value,,39.03498707,37.89861717,36.45539226,35.73452138,34.37809421,32.59936998,30.56185924,28.16112032,25.50872958,
South Asia,9502,"Fiscal, General Government, Gross debt position, 2001 Manual, Percent of FY GDP",GGXWDG_G01_GDP_PT,Value,,65.4294274,65.46259027,65.84799616,65.68685281,64.48277022,62.87473008,60.99685783,58.96811545,56.94578603,
Bangladesh,513,"Fiscal, General Government, Gross debt position, 2001 Manual, Percent of FY GDP",GGXWDG_G01_GDP_PT,Value,,34.46458848,33.86952576,33.90460498,33.97073296,34.34233151,34.24874819,34.17236309,33.88637594,33.63781151,
India,534,"Fiscal, General Government, Gross debt position, 2001 Manual, Percent of FY GDP",GGXWDG_G01_GDP_PT,Value,,67.95973241,68.32626972,69.06997595,68.4897221,67.21124947,65.56115443,63.52609129,61.40841852,59.2371592,
Sri Lanka,524,"Fiscal, General Government, Gross debt position, 2001 Manual, Percent of FY GDP",GGXWDG_G01_GDP_PT,Value,,78.31532021,75.53546777,76.03558739,77.19078063,75.45932851,73.07369655,70.73624556,68.20763351,65.83342609,
Nepal,558,"Fiscal, General Government, Gross debt position, 2001 Manual, Percent of FY GDP",GGXWDG_G01_GDP_PT,Value,,31.94898148,27.39416195,27.97619385,27.27504477,27.23166283,27.353244,27.74929074,27.95329712,28.12581905,
ASEAN,511,"Fiscal, General Government, Gross debt position, 2001 Manual, Percent of FY GDP",GGXWDG_G01_GDP_PT,Value,,37.15966148,37.55382905,38.73852134,38.60357731,39.01112016,39.37513544,39.47013915,39.2815158,38.95618708,
Brunei Darussalam,516,"Fiscal, General Government, Gross debt position, 2001 Manual, Percent of FY GDP",GGXWDG_G01_GDP_PT,Value,,2.208601018,2.304713554,2.812633227,3.4022759,3.024878424,2.836946351,2.475917033,2.133806603,1.855460191,
Cambodia,522,"Fiscal, General Government, Gross debt position, 2001 Manual, Percent of FY GDP",GGXWDG_G01_GDP_PT,Value,,32.05452775,32.26234435,32.5376805,32.96817212,33.62236813,34.33747059,34.85867264,35.29484939,35.54269169,
Indonesia,536,"Fiscal, General Government, Gross debt position, 2001 Manual, Percent of FY GDP",GGXWDG_G01_GDP_PT,Value,,24.84670758,24.69548664,27.30426092,27.4854592,28.24350459,29.232564,29.88041161,30.36670667,30.85300173,
Lao People's Democratic Republic,544,"Fiscal, General Government, Gross debt position, 2001 Manual, Percent of FY GDP",GGXWDG_G01_GDP_PT,Value,,60.12732006,63.03745739,62.95406913,61.74469408,62.60374685,63.55826589,64.57332476,65.29337386,65.66514062,
Malaysia,548,"Fiscal, General Government, Gross debt position, 2001 Manual, Percent of FY GDP",GGXWDG_G01_GDP_PT,Value,,55.90429266,55.57989886,57.39300231,56.62491911,55.71378941,54.30054997,52.49662726,50.48934682,48.41493516,
Myanmar,518,"Fiscal, General Government, Gross debt position, 2001 Manual, Percent of FY GDP",GGXWDG_G01_GDP_PT,Value,,34.15854942,29.72923777,34.33928206,34.21777408,34.21576296,34.67847367,34.97961654,35.13312699,35.03615559,
Philippines,566,"Fiscal, General Government, Gross debt position, 2001 Manual, Percent of FY GDP",GGXWDG_G01_GDP_PT,Value,,39.25843522,36.39764176,34.79462353,33.3748047,32.36532052,31.43329124,30.55679794,29.77524004,29.13391883,
Singapore,576,"Fiscal, General Government, Gross debt position, 2001 Manual, Percent of FY GDP",GGXWDG_G01_GDP_PT,Value,,103.0552257,98.45988425,104.7493512,106.3636631,105.6823495,104.1827682,102.6705198,101.1460827,99.55205372,
Thailand,578,"Fiscal, General Government, Gross debt position, 2001 Manual, Percent of FY GDP",GGXWDG_G01_GDP_PT,Value,,42.24722769,43.56831606,43.1082027,43.62659323,44.29872365,45.07182166,45.67104001,45.70249803,45.44491083,
Vietnam,582,"Fiscal, General Government, Gross debt position, 2001 Manual, Percent of FY GDP",GGXWDG_G01_GDP_PT,Value,,51.82989558,55.13373318,58.25265436,62.00429738,64.5657792,66.0285036,66.98146416,67.54877262,67.91739035,
Bhutan,514,"Fiscal, General Government, Gross debt position, 2001 Manual, Percent of FY GDP",GGXWDG_G01_GDP_PT,Value,,93.64183012,93.77111281,94.80080152,104.1296582,111.5235111,111.489225,103.0942782,97.24680444,92.85977133,
Fiji,819,"Fiscal, General Government, Gross debt position, 2001 Manual, Percent of FY GDP",GGXWDG_G01_GDP_PT,Value,,49.50625752,47.74053245,48.08786437,49.23683674,50.38072073,50.75415323,51.08170759,51.17856431,51.03279791,
Kiribati,826,"Fiscal, General Government, Gross debt position, 2001 Manual, Percent of FY GDP",GGXWDG_G01_GDP_PT,Value,,8.209342102,8.400936586,23.08120892,26.98087888,29.39609023,31.85834568,34.58091113,36.78779992,38.86251337,
Maldives,556,"Fiscal, General Government, Gross debt position, 2001 Manual, Percent of FY GDP",GGXWDG_G01_GDP_PT,Value,,64.05784967,66.31265261,73.13344682,83.11573982,95.97940366,108.0518398,116.0016537,118.0603116,120.0654294,
"Marshall Islands, Republic of",867,"Fiscal, General Government, Gross debt position, 2001 Manual, Percent of FY GDP",GGXWDG_G01_GDP_PT,Value,,36.10252622,34.81457691,33.70383329,31.17650557,28.66924696,27.10379322,26.37617549,26.51193809,27.11495218,
"Micronesia, Federated States of",868,"Fiscal, General Government, Gross debt position, 2001 Manual, Percent of FY GDP",GGXWDG_G01_GDP_PT,Value,,26.98425764,26.08388274,26.34574121,26.18237648,25.24677287,26.82795426,28.28314841,29.68560311,30.95718023,
Papua New Guinea,853,"Fiscal, General Government, Gross debt position, 2001 Manual, Percent of FY GDP",GGXWDG_G01_GDP_PT,Value,,25.02718136,28.11005661,30.55155066,34.26852519,36.48768901,38.58734233,39.49956271,40.43178771,40.63562963,
Solomon Islands,813,"Fiscal, General Government, Gross debt position, 2001 Manual, Percent of FY GDP",GGXWDG_G01_GDP_PT,Value,,15.53933245,13.27763429,10.38256753,8.787806391,9.98800517,11.37286422,12.94491731,14.77969268,17.05725078,
Tuvalu,869,"Fiscal, General Government, Gross debt position, 2001 Manual, Percent of FY GDP",GGXWDG_G01_GDP_PT,Value,,57.18036673,64.37257994,58.20714653,53.68025735,44.29450041,26.49119666,14.02714649,8.838704609,7.811339292,
Vanuatu,846,"Fiscal, General Government, Gross debt position, 2001 Manual, Percent of FY GDP",GGXWDG_G01_GDP_PT,Value,,20.56768185,19.31624704,25.63073074,33.45078135,44.82672332,52.240386,56.40687442,59.80752653,61.41717813,
Asia,229,"Balance of Payments, Current Account, Total, Net, In billions of US Dollars",BCA_BP6_USD,Value,,3.01416E+11,4.82831E+11,6.67582E+11,6.38568E+11,5.10584E+11,4.72928E+11,4.46113E+11,4.25217E+11,3.99138E+11,
Australia,193,"Balance of Payments, Current Account, Total, Net, In billions of US Dollars",BCA_BP6_USD,Value,,-50764921769,-42608127651,-57978251327,-43851666288,-52913845316,-57715467390,-60085006062,-63235820595,-66006009220,
Japan,158,"Balance of Payments, Current Account, Total, Net, In billions of US Dollars",BCA_BP6_USD,Value,,45943967592,36476944245,1.3558E+11,1.76098E+11,1.71024E+11,1.74604E+11,1.70455E+11,1.83102E+11,1.84999E+11,
New Zealand,196,"Balance of Payments, Current Account, Total, Net, In billions of US Dollars",BCA_BP6_USD,Value,,-5880732753,-6201388351,-5594473436,-5385399651,-6824029063,-7777880451,-8552433219,-9189439320,-9722749308,
"China, P.R.: Mainland",924,"Balance of Payments, Current Account, Total, Net, In billions of US Dollars",BCA_BP6_USD,Value,,1.48204E+11,2.77434E+11,3.30602E+11,2.70896E+11,2.00541E+11,1.85254E+11,1.7087E+11,1.52715E+11,1.38262E+11,
"China, P.R.: Hong Kong",532,"Balance of Payments, Current Account, Total, Net, In billions of US Dollars",BCA_BP6_USD,Value,,4148916968,3786779009,9631115555,8894761098,9517194251,10849607948,11558816149,12625191635,13350309008,
"Korea, Republic of",542,"Balance of Payments, Current Account, Total, Net, In billions of US Dollars",BCA_BP6_USD,Value,,81148200000,84373000000,1.05871E+11,1.01614E+11,89789758697,89537529995,92803285264,93100259432,94026472684,
Taiwan Province of China,528,"Balance of Payments, Current Account, Total, Net, In billions of US Dollars",BCA_BP6_USD,Value,,53054000000,63812000000,76165000000,77901039470,76894398167,77327831846,78974039177,82190562707,85031926284,
South Asia,9502,"Balance of Payments, Current Account, Total, Net, In billions of US Dollars",BCA_BP6_USD,Value,,-35357985483,-29898753691,-25024688432,-35991757459,-59585618891,-73862167943,-81357526490,-89962486438,-96062753387,
Bangladesh,513,"Balance of Payments, Current Account, Total, Net, In billions of US Dollars",BCA_BP6_USD,Value,,1897000000,1700500000,1506500000,-131145000,-1809675401,-2943344106,-4247265871,-5619498478,-7045573180,
India,534,"Balance of Payments, Current Account, Total, Net, In billions of US Dollars",BCA_BP6_USD,Value,,-32257000000,-26788000000,-22086000000,-31967352706,-49194261720,-58926519986,-64092236576,-71850699484,-79436974313,
Sri Lanka,524,"Balance of Payments, Current Account, Total, Net, In billions of US Dollars",BCA_BP6_USD,Value,,-2540575150,-1988577063,-2008523263,-1231398311,-2472924275,-2902706279,-3336632974,-3684380882,-3944477445,
Nepal,558,"Balance of Payments, Current Account, Total, Net, In billions of US Dollars",BCA_BP6_USD,Value,,634644296.1,908454452.3,1067264310,831150223.8,-203618214.2,-834421270.2,-1036199116,-1105420054,-1388424450,
ASEAN,511,"Balance of Payments, Current Account, Total, Net, In billions of US Dollars",BCA_BP6_USD,Value,,-3888649826,23009343108,31513812467,26368485931,17340370836,8083528238,3790085109,-3731681680,-9783215559,
Brunei Darussalam,516,"Balance of Payments, Current Account, Total, Net, In billions of US Dollars",BCA_BP6_USD,Value,,3777830664,5458727544,1555669936,451632848.4,-485726133.4,-19837861.86,1720356342,2207177094,2847164178,
Cambodia,522,"Balance of Payments, Current Account, Total, Net, In billions of US Dollars",BCA_BP6_USD,Value,,-1879815457,-2031682055,-1889228733,-1969114042,-1973033413,-2025363904,-2027911338,-2273317967,-2512352188,
Indonesia,536,"Balance of Payments, Current Account, Total, Net, In billions of US Dollars",BCA_BP6_USD,Value,,-29109457593,-27509595863,-17653732674,-21281098039,-23685539088,-26744346553,-27162374372,-29337530903,-31794238146,
Lao People's Democratic Republic,544,"Balance of Payments, Current Account, Total, Net, In billions of US Dollars",BCA_BP6_USD,Value,,-3122730843,-2707426440,-2903506497,-2471177576,-2609651072,-2448276598,-2492539979,-2625354984,-2727580484,
Malaysia,548,"Balance of Payments, Current Account, Total, Net, In billions of US Dollars",BCA_BP6_USD,Value,,11261937767,14835218971,8874211411,3645533736,4996879098,5627203817,6333447834,7099069456,7926577339,
Myanmar,518,"Balance of Payments, Current Account, Total, Net, In billions of US Dollars",BCA_BP6_USD,Value,,-2956586102,-3682739327,-4878889993,-5664869059,-6134026531,-5990414817,-6606909221,-6905490261,-6509073073,
Philippines,566,"Balance of Payments, Current Account, Total, Net, In billions of US Dollars",BCA_BP6_USD,Value,,11384000000,10758000000,8396000000,5542332110,4850438700,4298969454,3564213088,2599433658,1329882235,
Singapore,576,"Balance of Payments, Current Account, Total, Net, In billions of US Dollars",BCA_BP6_USD,Value,,53770878287,53515725504,57921917335,57262925279,60105930423,59134085162,58074921985,57353155265,56093718400,
Thailand,578,"Balance of Payments, Current Account, Total, Net, In billions of US Dollars",BCA_BP6_USD,Value,,-5169130000,15417720000,30991499729,37692131798,30951479313,24484972666,20154178812,14630663226,10668167904,
Vietnam,582,"Balance of Payments, Current Account, Total, Net, In billions of US Dollars",BCA_BP6_USD,Value,,7744000000,9508000000,905834000,769586325.6,227112812,416728853.7,900619747.7,1276682883,2086395109,
Bhutan,514,"Balance of Payments, Current Account, Total, Net, In billions of US Dollars",BCA_BP6_USD,Value,,-469745874.8,-483071935.3,-581429479.4,-579351878.2,-708205024.9,-528113488.5,-418385719.1,-142948210,-188422699.4,
Fiji,819,"Balance of Payments, Current Account, Total, Net, In billions of US Dollars",BCA_BP6_USD,Value,,-412351989.9,-338146127.4,-235124173.2,-328737585.1,-336956527.1,-341040811.9,-343300962.4,-334867221.5,-328521908.3,
Kiribati,826,"Balance of Payments, Current Account, Total, Net, In billions of US Dollars",BCA_BP6_USD,Value,,15469464.78,44743513.15,72064197.67,-11850111.24,-4381812.315,-2901123.214,219166.1031,3142026.983,4299309.953,
Maldives,556,"Balance of Payments, Current Account, Total, Net, In billions of US Dollars",BCA_BP6_USD,Value,,-126308754,-118059145.3,-295500000,-388859787.8,-491267917.9,-631416852.4,-563707702,-477824197.8,-465611526.3,
"Marshall Islands, Republic of",867,"Balance of Payments, Current Account, Total, Net, In billions of US Dollars",BCA_BP6_USD,Value,,-18821676.05,-8198674.151,-5948754.72,-14381709.92,-18087441.75,-18831950.34,-19657064.75,-21966863.87,-24258963.9,
"Micronesia, Federated States of",868,"Balance of Payments, Current Account, Total, Net, In billions of US Dollars",BCA_BP6_USD,Value,,-31629229.03,21525640.88,3256275.219,-359797.8542,-2216676.987,-4426875.02,-6821438.959,-8536141.845,-10531338.55,
Palau,565,"Balance of Payments, Current Account, Total, Net, In billions of US Dollars",BCA_BP6_USD,Value,,-21223530.68,-29548525.25,-1450963.145,-15594766.43,-22403934.35,-28277136.55,-22843498.36,-21120198.45,-19271290.47,
Papua New Guinea,853,"Balance of Payments, Current Account, Total, Net, In billions of US Dollars",BCA_BP6_USD,Value,,-6659761927,654722871.9,2133849812,1484191062,1257012724,1063660768,998100284.7,843857889.1,854178897.1,
Samoa,862,"Balance of Payments, Current Account, Total, Net, In billions of US Dollars",BCA_BP6_USD,Value,,-1505550.714,-59518413.54,-30798703.27,-28795191.37,-27272201.89,-26017109.72,-26464924.68,-23055431.31,-32059917.47,
Solomon Islands,813,"Balance of Payments, Current Account, Total, Net, In billions of US Dollars",BCA_BP6_USD,Value,,-38483722.82,-50100847.08,-30023560.01,-53764655.2,-98049948.63,-93612065.78,-87439641.94,-89912094.67,-51720787.22,
"Timor-Leste, Dem. Rep. of",537,"Balance of Payments, Current Account, Total, Net, In billions of US Dollars",BCA_BP6_USD,Value,,2391138375,1093182647,238919720.1,-248243940.5,-310660675.2,-354414822.9,-376726407.7,-405815246.4,-269921985,
Tonga,866,"Balance of Payments, Current Account, Total, Net, In billions of US Dollars",BCA_BP6_USD,Value,,-27750708.1,-41158858.54,-34308149.04,-32543025.65,-51224106.01,-58520913.69,-49222115.87,-42712113.14,-45873758.27,
Tuvalu,869,"Balance of Payments, Current Account, Total, Net, In billions of US Dollars",BCA_BP6_USD,Value,,456787.1624,7197486.134,2475839.318,-1277399.255,-1919543.415,-1925040.966,-1855537.499,-1135555.016,-738464.681,
Vanuatu,846,"Balance of Payments, Current Account, Total, Net, In billions of US Dollars",BCA_BP6_USD,Value,,-26369093.26,-2132445.101,-81558564.69,-128756813.2,-175271082.2,-168207959.7,-112717554.2,-94675111.67,-59268560.65,
Mongolia,948,"Balance of Payments, Current Account, Total, Net, In billions of US Dollars",BCA_BP6_USD,Value,,-3192046255,-1404951238,-567120601.8,-1241210775,-2142667636,-2633949076,-2719126468,-1937420157,-1458805738,
Asia,229,"Balance of Payments, Current Account, Total, Net, Percent of GDP",BCA_GDP_BP6_PT,Value,,1.307755856,2.013601848,2.802086128,2.551669115,1.887466776,1.627336818,1.423582207,1.257052583,1.096382459,
Australia,193,"Balance of Payments, Current Account, Total, Net, Percent of GDP",BCA_GDP_BP6_PT,Value,,-3.371392812,-2.949929753,-4.731813145,-3.48959578,-3.938190623,-4.082271825,-4.022067312,-4.017034133,-4.024684868,
Japan,158,"Balance of Payments, Current Account, Total, Net, Percent of GDP",BCA_GDP_BP6_PT,Value,,0.935939119,0.79375019,3.287410554,3.722766036,3.34929312,3.338233788,3.159157377,3.325240204,3.301483098,
New Zealand,196,"Balance of Payments, Current Account, Total, Net, Percent of GDP",BCA_GDP_BP6_PT,Value,,-3.161851318,-3.132199464,-3.247745807,-3.002586528,-3.539132787,-3.843227563,-4.016437539,-4.085857813,-4.128099258,
"China, P.R.: Mainland",924,"Balance of Payments, Current Account, Total, Net, Percent of GDP",BCA_GDP_BP6_PT,Value,,1.538150138,2.627803305,2.956674508,2.378031309,1.62227472,1.36456389,1.145397896,0.927907731,0.766702631,
"China, P.R.: Hong Kong",532,"Balance of Payments, Current Account, Total, Net, Percent of GDP",BCA_GDP_BP6_PT,Value,,1.505091183,1.300274775,3.114482188,2.814172472,2.915818432,3.161751487,3.202141181,3.324667282,3.358863016,
"Korea, Republic of",542,"Balance of Payments, Current Account, Total, Net, Percent of GDP",BCA_GDP_BP6_PT,Value,,6.215371167,5.978245198,7.68363207,7.235513436,5.903336058,5.626687377,5.560512766,5.329718262,5.168176132,
Taiwan Province of China,528,"Balance of Payments, Current Account, Total, Net, Percent of GDP",BCA_GDP_BP6_PT,Value,,10.37022427,12.03912677,14.56293265,15.00552162,14.35821125,14.08234475,13.90990166,13.92202336,13.88447189,
South Asia,9502,"Balance of Payments, Current Account, Total, Net, Percent of GDP",BCA_GDP_BP6_PT,Value,,-1.506538365,-1.163061369,-0.941386568,-1.253764081,-1.905461848,-2.160162565,-2.161158531,-2.171250743,-2.103737545,
Bangladesh,513,"Balance of Payments, Current Account, Total, Net, Percent of GDP",BCA_GDP_BP6_PT,Value,,1.176090335,0.924355023,0.729431651,-0.057834379,-0.735145145,-1.095764059,-1.448333251,-1.760290885,-2.031730972,
India,534,"Balance of Payments, Current Account, Total, Net, Percent of GDP",BCA_GDP_BP6_PT,Value,,-1.731262306,-1.311491655,-1.065411426,-1.420148178,-2.001599082,-2.186364467,-2.149434722,-2.178975895,-2.17598898,
Sri Lanka,524,"Balance of Payments, Current Account, Total, Net, Percent of GDP",BCA_GDP_BP6_PT,Value,,-3.772859477,-2.654132862,-2.472125063,-1.497348466,-2.822122472,-3.058756925,-3.260698963,-3.332746737,-3.299521357,
Nepal,558,"Balance of Payments, Current Account, Total, Net, Percent of GDP",BCA_GDP_BP6_PT,Value,,3.293389381,4.543520682,5.007444261,3.929008867,-0.854663375,-3.217228228,-3.677702524,-3.619316287,-4.20364952,
ASEAN,511,"Balance of Payments, Current Account, Total, Net, Percent of GDP",BCA_GDP_BP6_PT,Value,,-0.185163381,1.093747672,1.549016386,1.228456509,0.747648262,0.321458457,0.138991097,-0.125753274,-0.300170826,
Brunei Darussalam,516,"Balance of Payments, Current Account, Total, Net, Percent of GDP",BCA_GDP_BP6_PT,Value,,20.88099529,31.88101379,12.03117318,4.318384956,-4.109312796,-0.158359721,12.02225205,13.33373314,15.09042277,
Cambodia,522,"Balance of Payments, Current Account, Total, Net, Percent of GDP",BCA_GDP_BP6_PT,Value,,-12.33175627,-12.10954728,-10.62032935,-10.16688982,-9.423782504,-8.905424661,-8.199339262,-8.471632241,-8.646330463,
Indonesia,536,"Balance of Payments, Current Account, Total, Net, Percent of GDP",BCA_GDP_BP6_PT,Value,,-3.182921029,-3.088894675,-2.055260945,-2.26165452,-2.333857249,-2.43817063,-2.306650483,-2.303133311,-2.257902261,
Lao People's Democratic Republic,544,"Balance of Payments, Current Account, Total, Net, Percent of GDP",BCA_GDP_BP6_PT,Value,,-28.94590598,-22.84528748,-23.1149525,-17.957219,-17.61931229,-15.32989134,-14.47814001,-14.17910491,-13.71695874,
Malaysia,548,"Balance of Payments, Current Account, Total, Net, Percent of GDP",BCA_GDP_BP6_PT,Value,,3.483688227,4.388172333,2.995168683,1.204147378,1.485824444,1.493888136,1.498719454,1.501845255,1.505388611,
Myanmar,518,"Balance of Payments, Current Account, Total, Net, Percent of GDP",BCA_GDP_BP6_PT,Value,,-4.916660867,-5.601075894,-7.759435923,-8.296853691,-8.098265843,-7.136973409,-7.121413266,-6.740177868,-5.737431953,
Philippines,566,"Balance of Payments, Current Account, Total, Net, Percent of GDP",BCA_GDP_BP6_PT,Value,,4.187815022,3.776996638,2.870906587,1.77817256,1.391434864,1.103759928,0.817658052,0.532682769,0.244968011,
Singapore,576,"Balance of Payments, Current Account, Total, Net, Percent of GDP",BCA_GDP_BP6_PT,Value,,17.9064061,17.46843452,19.78654165,19.30373463,19.30917343,18.32447205,17.35064488,16.52481866,15.69961002,
Thailand,578,"Balance of Payments, Current Account, Total, Net, Percent of GDP",BCA_GDP_BP6_PT,Value,,-1.231070346,3.81325048,7.840051544,9.649996631,7.668084677,5.866284078,4.617571967,3.199971494,2.211885928,
Vietnam,582,"Balance of Payments, Current Account, Total, Net, Percent of GDP",BCA_GDP_BP6_PT,Value,,4.540208122,5.11465648,0.473133106,0.383847043,0.105184248,0.177945585,0.354122984,0.462965202,0.696983441,
Bhutan,514,"Balance of Payments, Current Account, Total, Net, Percent of GDP",BCA_GDP_BP6_PT,Value,,-25.40960804,-26.40364673,-28.8251853,-27.7890616,-31.46099971,-20.71413882,-14.10932553,-4.341352397,-5.321399251,
Fiji,819,"Balance of Payments, Current Account, Total, Net, Percent of GDP",BCA_GDP_BP6_PT,Value,,-9.826963646,-7.461796584,-5.357317257,-7.215649511,-7.035660417,-6.773954522,-6.505364916,-6.053826917,-5.666076283,
Kiribati,826,"Balance of Payments, Current Account, Total, Net, Percent of GDP",BCA_GDP_BP6_PT,Value,,8.240136367,24.01217064,44.92485273,-7.152849686,-2.495230661,-1.589982879,0.116781316,1.623962718,2.182777343,
Maldives,556,"Balance of Payments, Current Account, Total, Net, Percent of GDP",BCA_GDP_BP6_PT,Value,,-4.528652905,-3.858290015,-9.471862975,-11.89077706,-14.07321331,-16.81618782,-13.92110859,-10.91524658,-9.843854317,
"Marshall Islands, Republic of",867,"Balance of Payments, Current Account, Total, Net, Percent of GDP",BCA_GDP_BP6_PT,Value,,-9.89675648,-4.390971676,-3.222541462,-7.649841517,-9.383308706,-9.481397132,-9.612461375,-10.42304065,-11.19246191,
"Micronesia, Federated States of",868,"Balance of Payments, Current Account, Total, Net, Percent of GDP",BCA_GDP_BP6_PT,Value,,-10.01794829,6.767537643,1.024496213,-0.110747238,-0.668435321,-1.301061751,-1.949745987,-2.382411434,-2.866651886,
Palau,565,"Balance of Payments, Current Account, Total, Net, Percent of GDP",BCA_GDP_BP6_PT,Value,,-9.279202694,-11.77798796,-0.504834872,-5.267864735,-7.031805787,-8.286831996,-6.310767912,-5.553671561,-4.870714251,
Papua New Guinea,853,"Balance of Payments, Current Account, Total, Net, Percent of GDP",BCA_GDP_BP6_PT,Value,,-31.49645429,3.00009837,10.07255844,7.452743594,6.054415417,4.918378261,4.337617448,3.428237691,3.226562198,
Samoa,862,"Balance of Payments, Current Account, Total, Net, Percent of GDP",BCA_GDP_BP6_PT,Value,,-0.188391409,-7.286269875,-3.670424888,-3.287680668,-3.032242407,-2.784844215,-2.740467998,-2.299784958,-3.075894392,
Solomon Islands,813,"Balance of Payments, Current Account, Total, Net, Percent of GDP",BCA_GDP_BP6_PT,Value,,-3.46530182,-4.342798597,-2.620301791,-4.413940671,-7.697930821,-6.996881037,-6.190177767,-6.001909631,-3.337511203,
"Timor-Leste, Dem. Rep. of",537,"Balance of Payments, Current Account, Total, Net, Percent of GDP",BCA_GDP_BP6_PT,Value,,42.38855477,26.18401551,8.314028837,-9.927764913,-11.62774948,-12.33568385,-12.71774133,-13.10883432,-8.437795655,
Tonga,866,"Balance of Payments, Current Account, Total, Net, Percent of GDP",BCA_GDP_BP6_PT,Value,,-6.216827304,-9.369507313,-8.005848344,-7.566549253,-11.4843136,-12.55498288,-10.07806187,-8.391394222,-8.655084302,
Tuvalu,869,"Balance of Payments, Current Account, Total, Net, Percent of GDP",BCA_GDP_BP6_PT,Value,,1.188159175,19.31644532,7.577513086,-3.952308733,-5.67814586,-5.476765881,-5.085292944,-3.003368531,-1.884686249,
Vanuatu,846,"Balance of Payments, Current Account, Total, Net, Percent of GDP",BCA_GDP_BP6_PT,Value,,-3.288788043,-0.261664286,-11.052547,-16.64895045,-21.14358265,-18.98468928,-11.9425408,-9.465569694,-5.591663993,
Mongolia,948,"Balance of Payments, Current Account, Total, Net, Percent of GDP",BCA_GDP_BP6_PT,Value,,-25.36969606,-11.51969868,-4.839711957,-11.11774485,-19.15703693,-22.42385613,-21.57897605,-14.02906444,-9.854034088,
Asia,229,"External Trade, Exports of Goods and Services, Percent Change",TX_R_PC_PP_PT,Value,,5.400268255,5.401628571,0.417947792,1.60230833,2.89325559,3.673213614,3.940436906,4.242090934,4.321426886,
Australia,193,"External Trade, Exports of Goods and Services, Percent Change",TX_R_PC_PP_PT,Value,,5.902366815,6.70657676,5.954808688,6.026593241,4.550961345,4.400645841,3.961628156,4.078815549,4.210359468,
Japan,158,"External Trade, Exports of Goods and Services, Percent Change",TX_R_PC_PP_PT,Value,,1.211542439,8.316535832,2.799058991,-1.436621289,0.638861353,2.030127704,2.079349053,2.915901127,1.839815335,
New Zealand,196,"External Trade, Exports of Goods and Services, Percent Change",TX_R_PC_PP_PT,Value,,0.844872096,3.022041956,6.562217633,1.140107057,2.577644499,2.68414148,3.059431899,3.209925726,3.185777009,
"China, P.R.: Mainland",924,"External Trade, Exports of Goods and Services, Percent Change",TX_R_PC_PP_PT,Value,,8.759558941,6.907862546,-1.834944213,1.938217791,1.680291764,2.466123812,2.764657185,3.145639698,3.416722145,
"China, P.R.: Hong Kong",532,"External Trade, Exports of Goods and Services, Percent Change",TX_R_PC_PP_PT,Value,,6.163499937,0.883167996,-1.503383106,-0.141443989,2.658561749,2.600302171,2.679720029,2.466546647,2.46700877,
"Korea, Republic of",542,"External Trade, Exports of Goods and Services, Percent Change",TX_R_PC_PP_PT,Value,,4.260028606,2.02958235,0.775835397,1.686084433,2.294745444,2.994942142,3.030890958,3.09708735,3.1141633,
Taiwan Province of China,528,"External Trade, Exports of Goods and Services, Percent Change",TX_R_PC_PP_PT,Value,,3.757621193,5.617257383,-0.059789491,2.116510912,3.908,4.394,4.866,5.194,5.236,
South Asia,9502,"External Trade, Exports of Goods and Services, Percent Change",TX_R_PC_PP_PT,Value,,5.713875873,4.355085335,-2.576040742,5.563592656,6.678752883,7.933907459,7.956037295,8.197701504,7.886654307,
Bangladesh,513,"External Trade, Exports of Goods and Services, Percent Change",TX_R_PC_PP_PT,Value,,12.6583804,8.03861834,8.77909543,9.571403413,7.667915064,9.63644999,9.41424749,9.048058089,9.393831134,
India,534,"External Trade, Exports of Goods and Services, Percent Change",TX_R_PC_PP_PT,Value,,4.625672953,4.371451492,-3.976280166,5.878927789,6.856042479,8.070204111,7.934323929,7.936600189,7.938879124,
Sri Lanka,524,"External Trade, Exports of Goods and Services, Percent Change",TX_R_PC_PP_PT,Value,,16.03421793,13.55704227,3.419532848,8.929346746,4.534532276,8.90727006,6.064819516,10.61259828,4.615482133,
ASEAN,511,"External Trade, Exports of Goods and Services, Percent Change",TX_R_PC_PP_PT,Value,,3.103896419,4.870653785,4.041370059,2.693631138,5.052048232,6.117791881,7.001996743,7.038698434,7.516176249,
Brunei Darussalam,516,"External Trade, Exports of Goods and Services, Percent Change",TX_R_PC_PP_PT,Value,,-9.283894818,0.861699023,-10.80589593,1.661005335,1.396505089,1.408457038,16.9972514,21.21625313,18.44809941,
Cambodia,522,"External Trade, Exports of Goods and Services, Percent Change",TX_R_PC_PP_PT,Value,,16.35037721,13.85273613,12.28666598,15.26071058,12.90388353,12.25296577,11.63565064,12.37551292,10.22336506,
Indonesia,536,"External Trade, Exports of Goods and Services, Percent Change",TX_R_PC_PP_PT,Value,,1.48774301,0.850251958,-1.584167382,3.798975084,8.110391575,7.837910795,8.470062748,8.329735066,8.722652656,
Lao People's Democratic Republic,544,"External Trade, Exports of Goods and Services, Percent Change",TX_R_PC_PP_PT,Value,,19.36170506,7.034470453,6.651884847,10.4584107,4.716181327,8.011141527,6.504972884,0.565518351,5.871600159,
Malaysia,548,"External Trade, Exports of Goods and Services, Percent Change",TX_R_PC_PP_PT,Value,,0.073571239,5.574607527,4.428165938,-1.938577427,3.462926008,3.45828617,4.052609631,3.852479389,4.292933104,
Myanmar,518,"External Trade, Exports of Goods and Services, Percent Change",TX_R_PC_PP_PT,Value,,12.64041215,22.63119045,1.674354036,9.541842274,22.2731098,18.88280776,10.71538988,10.60172281,15.10361264,
Philippines,566,"External Trade, Exports of Goods and Services, Percent Change",TX_R_PC_PP_PT,Value,,2.844161157,11.84701707,-0.520287512,3.084703501,5.089773807,5.84312211,5.792549071,5.395137463,5.630857387,
Singapore,576,"External Trade, Exports of Goods and Services, Percent Change",TX_R_PC_PP_PT,Value,,4.832072171,4.275844643,2.468970527,-2.165370322,3.380037718,3.400990182,3.503427641,3.812400419,3.994547708,
Thailand,578,"External Trade, Exports of Goods and Services, Percent Change",TX_R_PC_PP_PT,Value,,2.668129722,0.209955522,1.788779138,-1.00666271,1.412419176,2.262459165,2.786406349,2.573530614,2.959550945,
Vietnam,582,"External Trade, Exports of Goods and Services, Percent Change",TX_R_PC_PP_PT,Value,,13.04358915,15.39837129,16.42804747,12.89353482,9.132566508,12.49416087,14.0557206,14.20709302,14.27833299,
Bhutan,514,"External Trade, Exports of Goods and Services, Percent Change",TX_R_PC_PP_PT,Value,,-13.35055308,-7.73565488,0.697402994,-6.282172689,0.706472752,20.27099245,28.23028326,14.43625163,3.091448287,
Kiribati,826,"External Trade, Exports of Goods and Services, Percent Change",TX_R_PC_PP_PT,Value,,3.044314072,0.499246752,3.862790768,-3.452202549,4.008294335,2.811710783,2.970130248,2.991951916,3.001094502,
Maldives,556,"External Trade, Exports of Goods and Services, Percent Change",TX_R_PC_PP_PT,Value,,10.78537181,10.10265511,-5.685064991,3.891213251,1.62134199,2.575464903,3.338804815,4.287504443,4.30682191,
"Marshall Islands, Republic of",867,"External Trade, Exports of Goods and Services, Percent Change",TX_R_PC_PP_PT,Value,,1.070464543,-7.641045407,5.12405448,5.294282519,0.762671191,2.445630985,2.386552143,2.749002998,2.36928508,
Palau,565,"External Trade, Exports of Goods and Services, Percent Change",TX_R_PC_PP_PT,Value,,-19.38160362,18.43233526,7.022560638,-11.2857856,8.237521909,5.171944674,3.781328156,2.607055186,2.503411648,
Papua New Guinea,853,"External Trade, Exports of Goods and Services, Percent Change",TX_R_PC_PP_PT,Value,,-3.977038214,-9.301822232,-13.47446694,-9.84322369,2.25350006,1.922613885,1.264002808,1.052953678,0.77771599,
Solomon Islands,813,"External Trade, Exports of Goods and Services, Percent Change",TX_R_PC_PP_PT,Value,,-2.78108895,0.03498563,2.766607909,-10.37010167,0.264081028,3.638547876,3.174538223,2.684917352,4.582057233,
Mongolia,948,"External Trade, Exports of Goods and Services, Percent Change",TX_R_PC_PP_PT,Value,,7.247079566,33.61798602,-15.79767953,-13.3023165,-12.81215463,-6.770011878,8.707524827,12.7373194,-3.709390736,
Asia,229,"External Trade, Imports of Goods and Services, Percent Change",TM_R_PC_PP_PT,Value,,4.875180274,5.326887379,1.915195926,2.632463935,3.47701203,4.076166625,4.427324854,4.314166135,4.476904969,
Australia,193,"External Trade, Imports of Goods and Services, Percent Change",TM_R_PC_PP_PT,Value,,-1.760859062,-1.689670819,1.678215065,0.265887987,5.073036309,3.252031461,3.448358506,3.306728437,3.380863668,
Japan,158,"External Trade, Imports of Goods and Services, Percent Change",TM_R_PC_PP_PT,Value,,3.08810771,7.241986343,0.307691162,-0.823930894,2.263706129,2.560692869,3.476872466,1.557878169,2.275809962,
New Zealand,196,"External Trade, Imports of Goods and Services, Percent Change",TM_R_PC_PP_PT,Value,,6.23082791,7.921835849,3.646813993,2.195854794,2.327524631,2.902342203,3.416034624,3.601317273,3.518334475,
"China, P.R.: Mainland",924,"External Trade, Imports of Goods and Services, Percent Change",TM_R_PC_PP_PT,Value,,10.6465416,8.710477347,0.585657196,3.891075907,2.690408029,2.914484282,3.14499868,3.279693906,3.265395856,
"China, P.R.: Hong Kong",532,"External Trade, Imports of Goods and Services, Percent Change",TM_R_PC_PP_PT,Value,,6.598831656,0.970581052,-1.869199637,-0.194078773,2.594816666,2.613319803,2.827081157,2.699568789,2.746619093,
"Korea, Republic of",542,"External Trade, Imports of Goods and Services, Percent Change",TM_R_PC_PP_PT,Value,,1.710224956,1.46598835,3.226051945,2.494584832,3.195760513,3.854363229,3.873450806,3.970786011,4.027548996,
Taiwan Province of China,528,"External Trade, Imports of Goods and Services, Percent Change",TM_R_PC_PP_PT,Value,,4.463140383,5.019726412,1.922003354,0.616269484,4.26,4.56,4.86,5.12,5.2,
South Asia,9502,"External Trade, Imports of Goods and Services, Percent Change",TM_R_PC_PP_PT,Value,,-2.609858567,6.672851631,4.859589362,7.378389119,6.586632803,7.854956204,7.793803654,8.076477239,7.576724671,
Bangladesh,513,"External Trade, Imports of Goods and Services, Percent Change",TM_R_PC_PP_PT,Value,,7.62063712,8.571661957,15.07273529,12.32021038,7.332273497,9.145769797,9.131911373,8.744251056,9.033729892,
India,534,"External Trade, Imports of Goods and Services, Percent Change",TM_R_PC_PP_PT,Value,,-3.776419095,6.727713899,2.753251378,6.473224502,6.600012896,8.122141447,8.1225683,8.377003842,8.211887533,
Sri Lanka,524,"External Trade, Imports of Goods and Services, Percent Change",TM_R_PC_PP_PT,Value,,0.387738495,11.05882545,19.82901964,14.99288868,5.365997787,5.231542601,3.442406026,7.486077693,3.217067042,
ASEAN,511,"External Trade, Imports of Goods and Services, Percent Change",TM_R_PC_PP_PT,Value,,3.51984823,2.536825169,4.272047854,3.851025972,4.977173118,6.362746499,7.01441039,6.957932092,7.287148509,
Brunei Darussalam,516,"External Trade, Imports of Goods and Services, Percent Change",TM_R_PC_PP_PT,Value,,-4.131014769,-30.90276381,-11.71100581,6.917234961,0.545927213,1.863454916,10.14700214,12.25850116,13.32248974,
Cambodia,522,"External Trade, Imports of Goods and Services, Percent Change",TM_R_PC_PP_PT,Value,,12.73351598,7.170767593,12.62132543,12.27812309,12.10843346,9.594179104,8.468595434,8.244181079,7.540760119,
Indonesia,536,"External Trade, Imports of Goods and Services, Percent Change",TM_R_PC_PP_PT,Value,,0.311776745,-0.940218277,-5.38151447,6.528819234,7.673214178,7.857633823,7.887355591,7.418593402,7.975398216,
Lao People's Democratic Republic,544,"External Trade, Imports of Goods and Services, Percent Change",TM_R_PC_PP_PT,Value,,5.38715545,2.492987732,-0.952017262,1.652283034,8.016509999,7.313017026,3.745454645,2.839929049,-0.491523162,
Malaysia,548,"External Trade, Imports of Goods and Services, Percent Change",TM_R_PC_PP_PT,Value,,1.826453174,4.006492296,2.07921177,0.814743433,2.104093181,2.896378177,3.630540626,3.332607077,3.738150628,
Myanmar,518,"External Trade, Imports of Goods and Services, Percent Change",TM_R_PC_PP_PT,Value,,13.88254002,26.32891348,7.473351524,14.38397671,16.65885668,15.7134286,11.4767306,9.824608301,10.53363973,
Asia,229,"National Accounts, Gross Domestic Product, Real, Constant Prices, Percent Change",NGDP_R_PC_PP_PT,Value,,5.797520502,5.580187607,5.433416152,5.400475262,5.346727493,5.367463885,5.486507948,5.485341197,5.551937928,
Australia,193,"National Accounts, Gross Domestic Product, Real, Constant Prices, Percent Change",NGDP_R_PC_PP_PT,Value,,2.005601553,2.687196637,2.443814096,2.869979044,2.665295075,2.892838378,2.989949257,2.944193034,2.827654025,
Japan,158,"National Accounts, Gross Domestic Product, Real, Constant Prices, Percent Change",NGDP_R_PC_PP_PT,Value,,1.356736022,-0.027780887,0.539349864,0.509566308,0.562637306,0.453037588,0.675805708,0.117260042,0.61279328,
New Zealand,196,"National Accounts, Gross Domestic Product, Real, Constant Prices, Percent Change",NGDP_R_PC_PP_PT,Value,,1.680001557,3.021615102,2.998963952,2.76584073,2.706633215,2.592582276,2.494073845,2.539299322,2.566014115,
"China, P.R.: Mainland",924,"National Accounts, Gross Domestic Product, Real, Constant Prices, Percent Change",NGDP_R_PC_PP_PT,Value,,7.8,7.3,6.9,6.588139633,6.170586143,6.03,6,5.9,5.8,
"China, P.R.: Hong Kong",532,"National Accounts, Gross Domestic Product, Real, Constant Prices, Percent Change",NGDP_R_PC_PP_PT,Value,,3.08804821,2.68193502,2.436791891,1.438521079,1.853713697,2.807975425,3.220050234,3.082651701,2.937601896,
"Korea, Republic of",542,"National Accounts, Gross Domestic Product, Real, Constant Prices, Percent Change",NGDP_R_PC_PP_PT,Value,,2.896220054,3.341447519,2.611935409,2.720195585,3.038068414,3.059220538,3.007748199,2.998755143,2.982417041,
Taiwan Province of China,528,"National Accounts, Gross Domestic Product, Real, Constant Prices, Percent Change",NGDP_R_PC_PP_PT,Value,,2.202440392,3.924934953,0.647897743,0.972080981,1.664803851,1.934578815,2.249272252,2.544222024,2.743406726,
South Asia,9502,"National Accounts, Gross Domestic Product, Real, Constant Prices, Percent Change",NGDP_R_PC_PP_PT,Value,,6.207929528,6.809899054,7.081902014,7.197007056,7.247304067,7.329195959,7.499186988,7.597139806,7.729264327,
Bangladesh,513,"National Accounts, Gross Domestic Product, Real, Constant Prices, Percent Change",NGDP_R_PC_PP_PT,Value,,6.03803736,6.314085213,6.811657422,6.923036251,6.903288201,7,7,6.741545894,6.5,
India,534,"National Accounts, Gross Domestic Product, Real, Constant Prices, Percent Change",NGDP_R_PC_PP_PT,Value,,6.638755462,7.243509024,7.563387556,7.616677906,7.608115608,7.668814563,7.827526556,7.955524586,8.122209587,
Sri Lanka,524,"National Accounts, Gross Domestic Product, Real, Constant Prices, Percent Change",NGDP_R_PC_PP_PT,Value,,3.395722774,4.878640647,4.785933632,5,5,5,5.2,5.4,5.5,
Nepal,558,"National Accounts, Gross Domestic Product, Real, Constant Prices, Percent Change",NGDP_R_PC_PP_PT,Value,,4.128877676,5.988933368,2.725365459,0.560589013,4.047930821,3.766571915,3.82004543,3.788579051,3.834026556,
ASEAN,511,"National Accounts, Gross Domestic Product, Real, Constant Prices, Percent Change",NGDP_R_PC_PP_PT,Value,,5.05899859,4.60358268,4.764492865,4.833352376,5.108379495,5.209726477,5.392987018,5.528551173,5.543085058,
Brunei Darussalam,516,"National Accounts, Gross Domestic Product, Real, Constant Prices, Percent Change",NGDP_R_PC_PP_PT,Value,,-2.124783186,-2.34864098,-0.55074411,0.376323803,3.947195729,1.712029751,9.064160008,13.02862346,13.17115744,
Cambodia,522,"National Accounts, Gross Domestic Product, Real, Constant Prices, Percent Change",NGDP_R_PC_PP_PT,Value,,7.427900099,7.071525352,7.036087179,6.991899377,6.911406206,6.794893054,6.757324767,6.519123493,6.285017647,
Indonesia,536,"National Accounts, Gross Domestic Product, Real, Constant Prices, Percent Change",NGDP_R_PC_PP_PT,Value,,5.557263689,5.023889052,4.793921304,4.935120756,5.300037236,5.500112732,5.799740428,6.000212453,6.000853183,
Lao People's Democratic Republic,544,"National Accounts, Gross Domestic Product, Real, Constant Prices, Percent Change",NGDP_R_PC_PP_PT,Value,,7.967987411,7.500573808,7.55931228,7.478469027,7.263841028,7.304080233,7.212946543,7.082066837,7.097085136,
Malaysia,548,"National Accounts, Gross Domestic Product, Real, Constant Prices, Percent Change",NGDP_R_PC_PP_PT,Value,,4.69372252,6.012690036,4.967674266,4.3,4.6,4.7,4.9,5,5,
Myanmar,518,"National Accounts, Gross Domestic Product, Real, Constant Prices, Percent Change",NGDP_R_PC_PP_PT,Value,,8.427677575,8.699746636,7.030816998,8.072204726,7.696104177,7.750067247,7.622153309,7.651543853,7.659390693,
Philippines,566,"National Accounts, Gross Domestic Product, Real, Constant Prices, Percent Change",NGDP_R_PC_PP_PT,Value,,7.064009888,6.216544794,5.90691837,6.40000064,6.69674346,6.8,6.9,7,7,
Singapore,576,"National Accounts, Gross Domestic Product, Real, Constant Prices, Percent Change",NGDP_R_PC_PP_PT,Value,,4.675248276,3.260046591,2.008348373,1.69466882,2.229646936,2.641678561,2.635425212,2.635425212,2.635425212,
Thailand,578,"National Accounts, Gross Domestic Product, Real, Constant Prices, Percent Change",NGDP_R_PC_PP_PT,Value,,2.70211729,0.817633102,2.819683122,3.234097168,3.273706483,3.097167164,3.033919066,3.033919066,3.033919066,
Vietnam,582,"National Accounts, Gross Domestic Product, Real, Constant Prices, Percent Change",NGDP_R_PC_PP_PT,Value,,5.421873799,5.983634849,6.67930813,6.1,6.2,6.2,6.2,6.2,6.2,
Bhutan,514,"National Accounts, Gross Domestic Product, Real, Constant Prices, Percent Change",NGDP_R_PC_PP_PT,Value,,3.570475314,3.818127122,5.213714102,6.028486239,6.408630329,11.34265762,13.87697543,8.50152687,5.231192867,
Fiji,819,"National Accounts, Gross Domestic Product, Real, Constant Prices, Percent Change",NGDP_R_PC_PP_PT,Value,,4.735557923,5.289234505,4.3,2.5,3.9,3.9,3.6,3.6,3.6,
Kiribati,826,"National Accounts, Gross Domestic Product, Real, Constant Prices, Percent Change",NGDP_R_PC_PP_PT,Value,,5.782164323,2.408704811,3.496995189,3.074732931,2.478712751,2.014172282,1.487975497,1.689492397,1.815199618,
Maldives,556,"National Accounts, Gross Domestic Product, Real, Constant Prices, Percent Change",NGDP_R_PC_PP_PT,Value,,4.69770875,6.479384759,1.515245939,3.008267047,4.059876043,4.715681647,4.722155313,4.779915699,4.724322714,
"Marshall Islands, Republic of",867,"National Accounts, Gross Domestic Product, Real, Constant Prices, Percent Change",NGDP_R_PC_PP_PT,Value,,-1.073990088,0.398062973,1.379068779,1.745163508,1.750031487,1.59962375,1.550544686,1.336450028,1.3,
"Micronesia, Federated States of",868,"National Accounts, Gross Domestic Product, Real, Constant Prices, Percent Change",NGDP_R_PC_PP_PT,Value,,-3.561518835,-3.402898057,-0.164921439,1.053562091,0.722411638,0.718223468,0.824271178,0.48034527,0.6,
Palau,565,"National Accounts, Gross Domestic Product, Real, Constant Prices, Percent Change",NGDP_R_PC_PP_PT,Value,,-2.409274277,4.234079877,9.383689562,0,5,5,4,3,2,
Papua New Guinea,853,"National Accounts, Gross Domestic Product, Real, Constant Prices, Percent Change",NGDP_R_PC_PP_PT,Value,,4.734803832,7.352608126,6.619787527,2.540932916,2.953125928,2.486958021,3.371378589,3.38963245,3.415703156,
Samoa,862,"National Accounts, Gross Domestic Product, Real, Constant Prices, Percent Change",NGDP_R_PC_PP_PT,Value,,-1.931325182,1.196146621,1.634775059,3.014977665,1.5090759,2.038807748,2.103983938,2.103983938,2.103983938,
Solomon Islands,813,"National Accounts, Gross Domestic Product, Real, Constant Prices, Percent Change",NGDP_R_PC_PP_PT,Value,,3.020456238,1.979384022,3.25,2.999114491,3.270791031,3.00933265,2.995353088,2.998842276,3.240687579,
"Timor-Leste, Dem. Rep. of",537,"National Accounts, Gross Domestic Product, Real, Constant Prices, Percent Change",NGDP_R_PC_PP_PT,Value,,2.875695733,5.861136159,4.251,5,5.5,6,6.5,5.5,5.500342783,
Tonga,866,"National Accounts, Gross Domestic Product, Real, Constant Prices, Percent Change",NGDP_R_PC_PP_PT,Value,,-0.565545018,2.896921266,3.411636443,2.726308314,2.440973959,2.708004667,2.303733313,1.773981682,1.784196318,
Tuvalu,869,"National Accounts, Gross Domestic Product, Real, Constant Prices, Percent Change",NGDP_R_PC_PP_PT,Value,,1.292326462,2.236106813,2.642013713,3.951913367,2.267878331,2.335116729,2.216674225,2.021799219,2.070993406,
Vanuatu,846,"National Accounts, Gross Domestic Product, Real, Constant Prices, Percent Change",NGDP_R_PC_PP_PT,Value,,1.96914608,2.330436376,-0.8,4,4.5,4,3.5,3,3,
Mongolia,948,"National Accounts, Gross Domestic Product, Real, Constant Prices, Percent Change",NGDP_R_PC_PP_PT,Value,,11.64891619,7.885225481,2.357171189,0.041471652,0.97636868,3.466654065,5.129723428,8.574177658,5.467369048,
Asia,229,"National Accounts, Total Domestic Demand, Real, Constant Prices, Percent Change",NTDD_R_PC_PP_PT,Value,,5.222907137,5.253209687,5.239294453,5.555678153,5.6152477,5.527919822,5.631479508,5.555751619,5.628098343,
Australia,193,"National Accounts, Total Domestic Demand, Real, Constant Prices, Percent Change",NTDD_R_PC_PP_PT,Value,,0.139914443,1.149313328,1.072847583,1.891579496,2.826431384,2.605870561,2.848047683,2.740070685,2.720465978,
Japan,158,"National Accounts, Total Domestic Demand, Real, Constant Prices, Percent Change",NTDD_R_PC_PP_PT,Value,,1.660554473,0.004188382,0.103662944,0.621142175,0.800306648,0.50581211,0.872092086,-0.150086675,0.661608952,
New Zealand,196,"National Accounts, Total Domestic Demand, Real, Constant Prices, Percent Change",NTDD_R_PC_PP_PT,Value,,3.148949707,4.426656199,2.110331496,3.376360077,2.605496059,2.66464701,2.626310172,2.687925449,2.695865327,
"China, P.R.: Mainland",924,"National Accounts, Total Domestic Demand, Real, Constant Prices, Percent Change",NTDD_R_PC_PP_PT,Value,,8.111814611,7.166953214,7.17585092,7.148631917,6.454266116,6.174673037,6.117376046,5.994177962,5.885972759,
"China, P.R.: Hong Kong",532,"National Accounts, Total Domestic Demand, Real, Constant Prices, Percent Change",NTDD_R_PC_PP_PT,Value,,4.039317057,2.871188061,1.638003381,1.341149781,1.712604799,2.837750121,3.535689824,3.573883377,3.51772305,
"Korea, Republic of",542,"National Accounts, Total Domestic Demand, Real, Constant Prices, Percent Change",NTDD_R_PC_PP_PT,Value,,0.696239247,2.466798199,3.681971848,1.273135069,3.768835139,3.50567759,3.548985917,3.55204411,3.55509087,
Taiwan Province of China,528,"National Accounts, Total Domestic Demand, Real, Constant Prices, Percent Change",NTDD_R_PC_PP_PT,Value,,2.034874438,3.562146441,1.459104882,1.331198128,1.741449078,1.863054931,2.034451979,2.266927263,2.500976448,
South Asia,9502,"National Accounts, Total Domestic Demand, Real, Constant Prices, Percent Change",NTDD_R_PC_PP_PT,Value,,3.355542701,6.573135457,5.55255945,6.797562546,7.493530245,7.565383602,7.718286329,7.809932795,7.865778915,
India,534,"National Accounts, Total Domestic Demand, Real, Constant Prices, Percent Change",NTDD_R_PC_PP_PT,Value,,3.223695099,6.790943024,5.63128022,6.871397479,7.525441163,7.821895396,7.99664861,8.173007994,8.298533914,
Sri Lanka,524,"National Accounts, Total Domestic Demand, Real, Constant Prices, Percent Change",NTDD_R_PC_PP_PT,Value,,2.721273781,7.238065688,2.996899206,2.556720282,5.55387837,3.870423503,3.795005515,3.715080997,4.223439784,
Nepal,558,"National Accounts, Total Domestic Demand, Real, Constant Prices, Percent Change",NTDD_R_PC_PP_PT,Value,,6.875256788,8.060057815,3.315653591,-0.435256848,5.097279573,4.500446051,3.578248168,3.213615343,3.789018228,
ASEAN,511,"National Accounts, Total Domestic Demand, Real, Constant Prices, Percent Change",NTDD_R_PC_PP_PT,Value,,4.998104515,3.805322779,5.182908068,5.540900432,5.615605624,5.480814021,5.510256627,5.491368553,5.433403972,
Brunei Darussalam,516,"National Accounts, Total Domestic Demand, Real, Constant Prices, Percent Change",NTDD_R_PC_PP_PT,Value,,3.180514736,-17.41243986,2.85432862,-4.232181219,6.069283027,1.679232884,2.053731142,2.556478307,2.626146985,
Cambodia,522,"National Accounts, Total Domestic Demand, Real, Constant Prices, Percent Change",NTDD_R_PC_PP_PT,Value,,8.266095902,7.832804291,6.800730453,6.370493034,6.970821566,7.011722118,6.686341394,6.257524799,6.004094001,
Indonesia,536,"National Accounts, Total Domestic Demand, Real, Constant Prices, Percent Change",NTDD_R_PC_PP_PT,Value,,4.662813195,5.00034694,4.356305281,5.037766038,5.41598754,5.548888129,5.742701744,5.858960115,5.874471615,
Malaysia,548,"National Accounts, Total Domestic Demand, Real, Constant Prices, Percent Change",NTDD_R_PC_PP_PT,Value,,6.336004451,5.322854018,5.867515929,6.121825891,4.696936436,4.989123337,4.811840229,4.889218347,4.80909167,
Myanmar,518,"National Accounts, Total Domestic Demand, Real, Constant Prices, Percent Change",NTDD_R_PC_PP_PT,Value,,8.438410829,8.735401148,7.06186995,8.106845086,7.685515203,7.746897406,7.634124817,7.650758158,7.634454102,
Philippines,566,"National Accounts, Total Domestic Demand, Real, Constant Prices, Percent Change",NTDD_R_PC_PP_PT,Value,,9.698782546,5.238672188,8.351929364,11.38481393,8.492032969,7.567218079,7.609165791,7.643816619,7.69488935,
Singapore,576,"National Accounts, Total Domestic Demand, Real, Constant Prices, Percent Change",NTDD_R_PC_PP_PT,Value,,4.275906899,0.169354942,0.526997102,3.301119184,3.754987097,3.991183397,4.017515815,3.776857264,3.751234776,
Thailand,578,"National Accounts, Total Domestic Demand, Real, Constant Prices, Percent Change",NTDD_R_PC_PP_PT,Value,,1.810890827,-2.767163831,2.725955136,3.462169691,4.97088232,3.962766448,3.850760168,3.743548766,3.569514565,
Vietnam,582,"National Accounts, Total Domestic Demand, Real, Constant Prices, Percent Change",NTDD_R_PC_PP_PT,Value,,5.3869145,7.007885108,9.095394033,3.438765619,5.265210682,5.788850331,5.411678839,4.546853127,4.078347262,
Bhutan,514,"National Accounts, Total Domestic Demand, Real, Constant Prices, Percent Change",NTDD_R_PC_PP_PT,Value,,0.588977615,5.244480614,4.117978862,12.15806866,8.067488852,3.247706627,3.259526457,0.12633252,4.195258435,
Maldives,556,"National Accounts, Total Domestic Demand, Real, Constant Prices, Percent Change",NTDD_R_PC_PP_PT,Value,,-1.356322479,7.00722463,7.721135532,5.041339423,6.712407626,8.408941916,0.938090771,0.715572499,3.429269051,
Palau,565,"National Accounts, Total Domestic Demand, Real, Constant Prices, Percent Change",NTDD_R_PC_PP_PT,Value,,-1.147752085,11.08291363,2.417331084,14.54502143,7.084645097,5.567674249,1.024168845,1.435570106,1.50920215,
Solomon Islands,813,"National Accounts, Total Domestic Demand, Real, Constant Prices, Percent Change",NTDD_R_PC_PP_PT,Value,,11.81757743,0.755498719,4.336504055,11.47520174,4.701004231,0.90965095,2.138960888,3.136658769,1.671123924,
Vanuatu,846,"National Accounts, Total Domestic Demand, Real, Constant Prices, Percent Change",NTDD_R_PC_PP_PT,Value,,6.630552546,4.906757538,17.68794399,-0.609864307,7.930993696,1.772235013,-3.271824474,0.448896046,-1.098628432,
Mongolia,948,"National Accounts, Total Domestic Demand, Real, Constant Prices, Percent Change",NTDD_R_PC_PP_PT,Value,,8.81974068,-9.055901288,-6.047024856,5.993634604,9.910782863,0.981847785,1.257478174,3.649529165,3.467231155,
Asia,229,"National Accounts, Gross Domestic Product in US Dollars, Constant Prices, in billions",NGDPD_USD,Value,,2.30483E+13,2.39785E+13,2.38245E+13,2.50255E+13,2.70513E+13,2.90615E+13,3.13373E+13,3.38265E+13,3.6405E+13,
Australia,193,"National Accounts, Gross Domestic Product in US Dollars, Constant Prices, in billions",NGDPD_USD,Value,,1.50576E+12,1.44438E+12,1.22529E+12,1.25664E+12,1.34361E+12,1.41381E+12,1.49388E+12,1.57419E+12,1.64003E+12,
Japan,158,"National Accounts, Gross Domestic Product in US Dollars, Constant Prices, in billions",NGDPD_USD,Value,,4.90886E+12,4.59552E+12,4.12421E+12,4.7303E+12,5.10626E+12,5.23042E+12,5.39557E+12,5.50644E+12,5.60352E+12,
New Zealand,196,"National Accounts, Gross Domestic Product in US Dollars, Constant Prices, in billions",NGDPD_USD,Value,,1.8599E+11,1.97988E+11,1.72257E+11,1.79359E+11,1.92816E+11,2.02379E+11,2.12936E+11,2.24908E+11,2.35526E+11,
"China, P.R.: Mainland",924,"National Accounts, Gross Domestic Product in US Dollars, Constant Prices, in billions",NGDPD_USD,Value,,9.63521E+12,1.05576E+13,1.11816E+13,1.13916E+13,1.23617E+13,1.3576E+13,1.4918E+13,1.6458E+13,1.80334E+13,
"China, P.R.: Hong Kong",532,"National Accounts, Gross Domestic Product in US Dollars, Constant Prices, in billions",NGDPD_USD,Value,,2.75659E+11,2.91229E+11,3.09236E+11,3.1607E+11,3.26399E+11,3.43152E+11,3.60971E+11,3.79743E+11,3.97465E+11,
"Korea, Republic of",542,"National Accounts, Gross Domestic Product in US Dollars, Constant Prices, in billions",NGDPD_USD,Value,,1.30561E+12,1.41133E+12,1.37787E+12,1.40438E+12,1.521E+12,1.5913E+12,1.66897E+12,1.74681E+12,1.81934E+12,
Taiwan Province of China,528,"National Accounts, Gross Domestic Product in US Dollars, Constant Prices, in billions",NGDPD_USD,Value,,5.11599E+11,5.30038E+11,5.23006E+11,5.19149E+11,5.35543E+11,5.49112E+11,5.67754E+11,5.90364E+11,6.12425E+11,
South Asia,9502,"National Accounts, Gross Domestic Product in US Dollars, Constant Prices, in billions",NGDPD_USD,Value,,2.34697E+12,2.57069E+12,2.65828E+12,2.8707E+12,3.1271E+12,3.41929E+12,3.76453E+12,4.14335E+12,4.56629E+12,
Bangladesh,513,"National Accounts, Gross Domestic Product in US Dollars, Constant Prices, in billions",NGDPD_USD,Value,,1.61297E+11,1.83966E+11,2.06531E+11,2.2676E+11,2.46166E+11,2.68611E+11,2.93252E+11,3.19237E+11,3.46777E+11,
India,534,"National Accounts, Gross Domestic Product in US Dollars, Constant Prices, in billions",NGDPD_USD,Value,,1.86321E+12,2.04256E+12,2.073E+12,2.25099E+12,2.45775E+12,2.69518E+12,2.98182E+12,3.29745E+12,3.65061E+12,
Sri Lanka,524,"National Accounts, Gross Domestic Product in US Dollars, Constant Prices, in billions",NGDPD_USD,Value,,67338186485,74923794939,81246830615,82238592993,87626398206,94898233182,1.02329E+11,1.10551E+11,1.19547E+11,
Nepal,558,"National Accounts, Gross Domestic Product in US Dollars, Constant Prices, in billions",NGDPD_USD,Value,,19270247840,19994504611,21313553477,21154195673,23824375779,25936029747,28175174831,30542234122,33029024989,
ASEAN,511,"National Accounts, Gross Domestic Product in US Dollars, Constant Prices, in billions",NGDPD_USD,Value,,2.10012E+12,2.10372E+12,2.03444E+12,2.14647E+12,2.31932E+12,2.51464E+12,2.72685E+12,2.96746E+12,3.25922E+12,
Brunei Darussalam,516,"National Accounts, Gross Domestic Product in US Dollars, Constant Prices, in billions",NGDPD_USD,Value,,18092196327,17122189338,12930326182,10458373973,11820130457,12527088157,14309767712,16553331842,18867358599,
Cambodia,522,"National Accounts, Gross Domestic Product in US Dollars, Constant Prices, in billions",NGDPD_USD,Value,,15243696160,16777522799,17788796099,19367909727,20936746070,22743035631,24732618979,26834474190,29056860585,
Indonesia,536,"National Accounts, Gross Domestic Product in US Dollars, Constant Prices, in billions",NGDPD_USD,Value,,9.14552E+11,8.90597E+11,8.58953E+11,9.40953E+11,1.01487E+12,1.0969E+12,1.17757E+12,1.27381E+12,1.40813E+12,
Lao People's Democratic Republic,544,"National Accounts, Gross Domestic Product in US Dollars, Constant Prices, in billions",NGDPD_USD,Value,,10788160662,11851137538,12561161423,13761471506,14811310622,15970606339,17215885316,18515660908,19884732004,
Malaysia,548,"National Accounts, Gross Domestic Product in US Dollars, Constant Prices, in billions",NGDPD_USD,Value,,3.23276E+11,3.38073E+11,2.96284E+11,3.02748E+11,3.36303E+11,3.76682E+11,4.22591E+11,4.7269E+11,5.26547E+11,
Myanmar,518,"National Accounts, Gross Domestic Product in US Dollars, Constant Prices, in billions",NGDPD_USD,Value,,60134025558,65750570009,62876864269,68277316556,75744939101,83934946557,92775253650,1.02453E+11,1.13449E+11,
Philippines,566,"National Accounts, Gross Domestic Product in US Dollars, Constant Prices, in billions",NGDPD_USD,Value,,2.71836E+11,2.84829E+11,2.92451E+11,3.11687E+11,3.48593E+11,3.89484E+11,4.35905E+11,4.87989E+11,5.4288E+11,
Singapore,576,"National Accounts, Gross Domestic Product in US Dollars, Constant Prices, in billions",NGDPD_USD,Value,,3.00288E+11,3.06357E+11,2.92734E+11,2.96642E+11,3.11282E+11,3.22706E+11,3.34713E+11,3.47073E+11,3.57294E+11,
Thailand,578,"National Accounts, Gross Domestic Product in US Dollars, Constant Prices, in billions",NGDPD_USD,Value,,4.19889E+11,4.0432E+11,3.95297E+11,3.90592E+11,4.0364E+11,4.17385E+11,4.36467E+11,4.57212E+11,4.82311E+11,
Vietnam,582,"National Accounts, Gross Domestic Product in US Dollars, Constant Prices, in billions",NGDPD_USD,Value,,1.70565E+11,1.85897E+11,1.91454E+11,2.00493E+11,2.15919E+11,2.34189E+11,2.54324E+11,2.75762E+11,2.99346E+11,
Bhutan,514,"National Accounts, Gross Domestic Product in US Dollars, Constant Prices, in billions",NGDPD_USD,Value,,1848693904,1829565212,2017088437,2084819871,2251056964,2549531472,2965313390,3292711508,3540848759,
Fiji,819,"National Accounts, Gross Domestic Product in US Dollars, Constant Prices, in billions",NGDPD_USD,Value,,4196128171,4531698547,4388841689,4555897354,4789266496,5034589629,5277197619,5531496459,5798049512,
Kiribati,826,"National Accounts, Gross Domestic Product in US Dollars, Constant Prices, in billions",NGDPD_USD,Value,,187733116.2,186336811.5,160410537.3,165669792.6,175607505.3,182462544.3,187672233.2,193479009.6,196965117.2,
Maldives,556,"National Accounts, Gross Domestic Product in US Dollars, Constant Prices, in billions",NGDPD_USD,Value,,2789102116,3059882611,3119766415,3270263885,3490801334,3754815652,4049301809,4377585009,4729971729,
"Marshall Islands, Republic of",867,"National Accounts, Gross Domestic Product in US Dollars, Constant Prices, in billions",NGDPD_USD,Value,,190180248.3,186716625.8,184598236.9,188000102.8,192761874.5,198619993.2,204495643.6,210752933,216743770,
"Micronesia, Federated States of",868,"National Accounts, Gross Domestic Product in US Dollars, Constant Prices, in billions",NGDPD_USD,Value,,315725617,318071978.6,317841606.2,324882012.6,331621761.8,340250954.1,349862956.7,358298391.4,367374169,
Palau,565,"National Accounts, Gross Domestic Product in US Dollars, Constant Prices, in billions",NGDPD_USD,Value,,228721490.2,250879227.8,287413414.9,296035817.4,318608548.4,341229755.4,361976524.5,380292536.6,395656355.1,
Papua New Guinea,853,"National Accounts, Gross Domestic Product in US Dollars, Constant Prices, in billions",NGDPD_USD,Value,,21144481424,21823380144,21184784631,19914693734,20761917339,21626249787,23010334511,24614917784,26473343599,
Samoa,862,"National Accounts, Gross Domestic Product in US Dollars, Constant Prices, in billions",NGDPD_USD,Value,,799161025.8,816857110.1,839104578.1,875851223.8,899407046.8,934239322.5,965708218.2,1002503788,1042295781,
Solomon Islands,813,"National Accounts, Gross Domestic Product in US Dollars, Constant Prices, in billions",NGDPD_USD,Value,,1110544617,1153653478,1145805423,1218064745,1273718236,1337911353,1412554619,1498058122,1549681307,
"Timor-Leste, Dem. Rep. of",537,"National Accounts, Gross Domestic Product in US Dollars, Constant Prices, in billions",NGDPD_USD,Value,,5641000000,4175000000,2873693666,2500501801,2671717996,2873086140,2962211589,3095738618,3198963284,
Tonga,866,"National Accounts, Gross Domestic Product in US Dollars, Constant Prices, in billions",NGDPD_USD,Value,,446380553.1,439285195.8,428538582.8,430090713.2,446035416.6,466117032.9,488408550.4,508999005.5,530020929.5,
Tuvalu,869,"National Accounts, Gross Domestic Product in US Dollars, Constant Prices, in billions",NGDPD_USD,Value,,38444946.78,37260924.64,32673507.65,32320330.76,33805813.77,35149228.72,36488310.9,37809379.84,39182366.91,
Vanuatu,846,"National Accounts, Gross Domestic Product in US Dollars, Constant Prices, in billions",NGDPD_USD,Value,,801787555.9,814954586.8,737916470.3,773362943.2,828956402.8,886019029.3,943832272.5,1000205109,1059944960,
Mongolia,948,"National Accounts, Gross Domestic Product in US Dollars, Constant Prices, in billions",NGDPD_USD,Value,,12582122574,12196076271,11718065182,11164231521,11184754951,11746191467,12600813227,13810045321,14804147473,
Asia,229,"Prices, Consumer Price Index, All items, CPI (p.a.), percent change",PCPI_PC_PP_PT,Value,,3.774601416,3.200385409,2.283995095,2.523429668,2.862398021,2.997698432,3.149222428,3.353649739,3.328219321,
Australia,193,"Prices, Consumer Price Index, All items, CPI (p.a.), percent change",PCPI_PC_PP_PT,Value,,2.475247525,2.463768116,1.532296087,1.310439749,2.104706994,2.40972222,2.523535309,2.523535309,2.523535309,
Japan,158,"Prices, Consumer Price Index, All items, CPI (p.a.), percent change",PCPI_PC_PP_PT,Value,,0.341046304,2.761176411,0.791765309,-0.161725629,0.493665079,0.626485351,1.120487695,1.629593315,1.306918724,
New Zealand,196,"Prices, Consumer Price Index, All items, CPI (p.a.), percent change",PCPI_PC_PP_PT,Value,,1.134417808,1.227513228,0.292703324,0.677074838,1.56346498,1.964448085,2.015050062,2.015050063,2.015050062,
"China, P.R.: Mainland",924,"Prices, Consumer Price Index, All items, CPI (p.a.), percent change",PCPI_PC_PP_PT,Value,,2.624015,1.988427,1.440824,2.075,2.3,2.4,2.6,3,3,
"China, P.R.: Hong Kong",532,"Prices, Consumer Price Index, All items, CPI (p.a.), percent change",PCPI_PC_PP_PT,Value,,4.328775402,4.424330196,3.037237362,2.5,2.6,2.7,2.8,2.9,3,
"Korea, Republic of",542,"Prices, Consumer Price Index, All items, CPI (p.a.), percent change",PCPI_PC_PP_PT,Value,,1.301552454,1.274767802,0.706932524,1.020580529,1.850812819,2,2,2,2,
Taiwan Province of China,528,"Prices, Consumer Price Index, All items, CPI (p.a.), percent change",PCPI_PC_PP_PT,Value,,0.793001962,1.195555195,-0.305376551,1.1,1.1,1.3,1.5,1.8,2.2,
South Asia,9502,"Prices, Consumer Price Index, All items, CPI (p.a.), percent change",PCPI_PC_PP_PT,Value,,9.054108842,6.211535502,4.884155732,5.316237954,5.29081248,5.325272797,5.251369873,5.089226521,4.999434674,
Bangladesh,513,"Prices, Consumer Price Index, All items, CPI (p.a.), percent change",PCPI_PC_PP_PT,Value,,7.538914322,7.008838665,6.43146,6.74438,6.87247,6.56573,6.25899,5.95253,5.72472,
India,534,"Prices, Consumer Price Index, All items, CPI (p.a.), percent change",PCPI_PC_PP_PT,Value,,9.436722751,5.926916221,4.908147525,5.494142097,5.154720312,5.25970094,5.199179488,5.029669294,4.940182797,
Sri Lanka,524,"Prices, Consumer Price Index, All items, CPI (p.a.), percent change",PCPI_PC_PP_PT,Value,,6.911546529,3.267776821,0.931842509,4.087347392,5.3,5.1,5,5,5,
Nepal,558,"Prices, Consumer Price Index, All items, CPI (p.a.), percent change",PCPI_PC_PP_PT,Value,,9.872980033,9.039125402,7.21240128,10.02164792,9.897887192,8,7.35,6.75,6.5,
ASEAN,511,"Prices, Consumer Price Index, All items, CPI (p.a.), percent change",PCPI_PC_PP_PT,Value,,4.606533765,4.628830386,3.289571584,2.471669762,3.403073072,3.592075893,3.618016412,3.544885969,3.552474509,
Brunei Darussalam,516,"Prices, Consumer Price Index, All items, CPI (p.a.), percent change",PCPI_PC_PP_PT,Value,,0.382345607,-0.173884243,-0.447909754,-0.25761227,0,0.1,0,0.2,0.1,
Cambodia,522,"Prices, Consumer Price Index, All items, CPI (p.a.), percent change",PCPI_PC_PP_PT,Value,,2.955010616,3.851713829,1.225406064,3.068123475,2.733147674,3.02467807,2.917948399,3.165391536,0.249482952,
Indonesia,536,"Prices, Consumer Price Index, All items, CPI (p.a.), percent change",PCPI_PC_PP_PT,Value,,6.413386778,6.394925408,6.363121131,3.657698667,4.151871104,4.39859255,4.296655473,4.096619596,3.996959632,
Lao People's Democratic Republic,544,"Prices, Consumer Price Index, All items, CPI (p.a.), percent change",PCPI_PC_PP_PT,Value,,6.370568912,5.50015543,5.3,-3.264558218,2.3,2.7,3.1,3.3,3.1,
Malaysia,548,"Prices, Consumer Price Index, All items, CPI (p.a.), percent change",PCPI_PC_PP_PT,Value,,2.105012312,3.142990509,2.104389802,2.101046648,2.966255584,2.926748361,3,3,3,
Myanmar,518,"Prices, Consumer Price Index, All items, CPI (p.a.), percent change",PCPI_PC_PP_PT,Value,,5.710949284,5.90781074,11.44556989,9.834711812,9.05,7.7,7.45,7.1,6.854166667,
Philippines,566,"Prices, Consumer Price Index, All items, CPI (p.a.), percent change",PCPI_PC_PP_PT,Value,,2.932889344,4.1744432,1.409375933,1.956960007,3.446079777,3.47193692,3.536526214,3.454435362,3.5,
Singapore,576,"Prices, Consumer Price Index, All items, CPI (p.a.), percent change",PCPI_PC_PP_PT,Value,,2.358601146,1.024982528,-0.522752485,-0.310461352,1.123865997,1.841984088,1.9,1.9,1.9,
Thailand,578,"Prices, Consumer Price Index, All items, CPI (p.a.), percent change",PCPI_PC_PP_PT,Value,,2.184886185,1.895141819,-0.900424963,0.270836561,1.604661228,1.853972425,2.072237214,2.21605516,2.472978052,
Vietnam,582,"Prices, Consumer Price Index, All items, CPI (p.a.), percent change",PCPI_PC_PP_PT,Value,,6.595295943,4.084554466,0.631200905,2.048548665,3.65,3.9,4,4,4,
Bhutan,514,"Prices, Consumer Price Index, All items, CPI (p.a.), percent change",PCPI_PC_PP_PT,Value,,11.32028018,9.880756188,6.335678413,4.422154601,4.595586944,5.085598692,5.167068546,4.924940527,4.743341627,
Fiji,819,"Prices, Consumer Price Index, All items, CPI (p.a.), percent change",PCPI_PC_PP_PT,Value,,2.908707946,0.528118153,1.376130953,3.3,2.8,2.8,2.8,2.8,2.8,
Kiribati,826,"Prices, Consumer Price Index, All items, CPI (p.a.), percent change",PCPI_PC_PP_PT,Value,,-1.488059085,2.103985209,0.6,1.5,2,2.5,2.5,2.5,2.5,
Maldives,556,"Prices, Consumer Price Index, All items, CPI (p.a.), percent change",PCPI_PC_PP_PT,Value,,3.997158908,2.453757032,1.42710703,2.114059614,2.576480933,3.461791699,3.778456459,4.116967744,4.21502267,
"Marshall Islands, Republic of",867,"Prices, Consumer Price Index, All items, CPI (p.a.), percent change",PCPI_PC_PP_PT,Value,,1.850762642,1.097806101,-2.16898372,0.65,1.1,1.8,1.9,2.111780705,2.111780705,
"Micronesia, Federated States of",868,"Prices, Consumer Price Index, All items, CPI (p.a.), percent change",PCPI_PC_PP_PT,Value,,1.971818355,0.617999475,-1.049040521,1.949395892,1.342412728,1.870461285,1.984346896,2.301189441,2.968336964,
Palau,565,"Prices, Consumer Price Index, All items, CPI (p.a.), percent change",PCPI_PC_PP_PT,Value,,2.845024698,3.962355851,2.19935427,2,2,2,2,2,2,
Papua New Guinea,853,"Prices, Consumer Price Index, All items, CPI (p.a.), percent change",PCPI_PC_PP_PT,Value,,4.96031746,5.222117202,5.995957781,6.907126623,7.5,6.495,6,6,6,
Samoa,862,"Prices, Consumer Price Index, All items, CPI (p.a.), percent change",PCPI_PC_PP_PT,Value,,0.610085721,-0.406816088,0.917148362,0.335185185,1,1.95,2.4,2.8,3,
Solomon Islands,813,"Prices, Consumer Price Index, All items, CPI (p.a.), percent change",PCPI_PC_PP_PT,Value,,5.388539448,5.169415856,0.862415658,2.365025298,4.033561433,2.645962524,2.734159263,2.91380501,2.884721685,
"Timor-Leste, Dem. Rep. of",537,"Prices, Consumer Price Index, All items, CPI (p.a.), percent change",PCPI_PC_PP_PT,Value,,9.450627098,0.726275016,0.552796026,-0.598437563,1.344912837,3.795703876,4.123493272,3.980727163,3.994218806,
Tonga,866,"Prices, Consumer Price Index, All items, CPI (p.a.), percent change",PCPI_PC_PP_PT,Value,,1.483392518,1.157303697,-0.085911104,0.148765779,1.508670066,2.745311126,2.99665096,2.893525457,2.692191217,
Tuvalu,869,"Prices, Consumer Price Index, All items, CPI (p.a.), percent change",PCPI_PC_PP_PT,Value,,2.007508042,1.072805136,3.22797928,3.5,2.9,2.8,2.8,2.6,2.5,
Vanuatu,846,"Prices, Consumer Price Index, All items, CPI (p.a.), percent change",PCPI_PC_PP_PT,Value,,1.456231988,0.801548062,2.483268757,2.188108261,2.57276,2.77276,2.92276,2.97276,2.97276,
Mongolia,948,"Prices, Consumer Price Index, All items, CPI (p.a.), percent change",PCPI_PC_PP_PT,Value,,8.591339267,12.90697737,5.888593812,2.422983897,6.669190485,5.285232415,6.289593127,6.435129734,6.4728,
Asia,229,"Fiscal, General Government, Net lending/borrowing, 2001 Manual, Percent of FY GDP",GGXCNL_G01_GDP_PT,Value,,-3.076808438,-2.474382894,-3.134289569,-3.321748062,-3.421605692,-3.052377715,-2.748732028,-2.525750649,-2.4462035,
Australia,193,"Fiscal, General Government, Net lending/borrowing, 2001 Manual, Percent of FY GDP",GGXCNL_G01_GDP_PT,Value,,-2.800757888,-2.910869011,-2.847402077,-2.89132161,-2.52033798,-1.708042926,-0.829480477,-0.169317559,-0.008248633,
Japan,158,"Fiscal, General Government, Net lending/borrowing, 2001 Manual, Percent of FY GDP",GGXCNL_G01_GDP_PT,Value,,-8.550280462,-6.171651523,-5.210168439,-5.213108415,-5.141170014,-4.426697203,-3.862101476,-3.208511028,-3.14456671,
New Zealand,196,"Fiscal, General Government, Net lending/borrowing, 2001 Manual, Percent of FY GDP",GGXCNL_G01_GDP_PT,Value,,-1.013797686,-0.277079446,-0.165626588,-0.405443009,-0.313094483,0.045478633,0.583425847,0.876948432,0.925485992,
"China, P.R.: Mainland",924,"Fiscal, General Government, Net lending/borrowing, 2001 Manual, Percent of FY GDP",GGXCNL_G01_GDP_PT,Value,,-0.831859065,-0.905900155,-2.687558245,-2.997652588,-3.323543112,-3.028865426,-2.832570227,-2.745885314,-2.668839894,
"China, P.R.: Hong Kong",532,"Fiscal, General Government, Net lending/borrowing, 2001 Manual, Percent of FY GDP",GGXCNL_G01_GDP_PT,Value,,1.007705111,3.594978163,0.596331957,1.454095004,1.538167227,0.877431648,1.212515535,2.082014346,2.082014346,
"Korea, Republic of",542,"Fiscal, General Government, Net lending/borrowing, 2001 Manual, Percent of FY GDP",GGXCNL_G01_GDP_PT,Value,,0.649877872,0.417619033,0.339338435,0.836629899,1.136629899,1.640092027,2.130092027,2.230092027,2.330092027,
Taiwan Province of China,528,"Fiscal, General Government, Net lending/borrowing, 2001 Manual, Percent of FY GDP",GGXCNL_G01_GDP_PT,Value,,-3.244132808,-2.731471316,-1.778758088,-1.646445792,-1.316445792,-1.116445792,-0.961445792,-0.806445792,-0.651445792,
South Asia,9502,"Fiscal, General Government, Net lending/borrowing, 2001 Manual, Percent of FY GDP",GGXCNL_G01_GDP_PT,Value,,-7.311378636,-6.691143349,-6.452411773,-6.18728574,-6.086559421,-5.648544834,-5.333082465,-5.052267854,-4.807976434,
Bangladesh,513,"Fiscal, General Government, Net lending/borrowing, 2001 Manual, Percent of FY GDP",GGXCNL_G01_GDP_PT,Value,,-3.380968216,-3.076787055,-3.881152905,-4.256538789,-4.679960744,-4.243431129,-4.15294224,-3.947233681,-3.543242155,
India,534,"Fiscal, General Government, Net lending/borrowing, 2001 Manual, Percent of FY GDP",GGXCNL_G01_GDP_PT,Value,,-7.647920208,-7.302241888,-6.905123051,-6.693478749,-6.598581172,-6.203162811,-5.833006939,-5.534826857,-5.248339322,
Sri Lanka,524,"Fiscal, General Government, Net lending/borrowing, 2001 Manual, Percent of FY GDP",GGXCNL_G01_GDP_PT,Value,,-5.949703893,-6.671836657,-6.866796862,-5.427769391,-4.72796575,-3.966473795,-3.733766599,-3.468799064,-3.491191708,
Nepal,558,"Fiscal, General Government, Net lending/borrowing, 2001 Manual, Percent of FY GDP",GGXCNL_G01_GDP_PT,Value,,2.05161417,1.472638632,0.261823872,1.508000355,-1.807673627,-1.475959868,-1.700900078,-1.490687544,-1.500323334,
ASEAN,511,"Fiscal, General Government, Net lending/borrowing, 2001 Manual, Percent of FY GDP",GGXCNL_G01_GDP_PT,Value,,-2.095259517,-1.925288908,-2.01153348,-2.309521975,-2.43867458,-2.509472883,-2.48618838,-2.451907689,-2.478664487,
Brunei Darussalam,516,"Fiscal, General Government, Net lending/borrowing, 2001 Manual, Percent of FY GDP",GGXCNL_G01_GDP_PT,Value,,12.98516255,3.5711797,-14.51324692,-26.20177008,-13.61441033,-9.333571319,-5.684367012,-1.49441217,3.24266792,
Cambodia,522,"Fiscal, General Government, Net lending/borrowing, 2001 Manual, Percent of FY GDP",GGXCNL_G01_GDP_PT,Value,,-2.10847675,-1.263413746,-1.551856923,-2.58342723,-2.87685661,-3.298271563,-3.390857375,-4.133799342,-4.123558832,
Indonesia,536,"Fiscal, General Government, Net lending/borrowing, 2001 Manual, Percent of FY GDP",GGXCNL_G01_GDP_PT,Value,,-2.21677129,-2.146457034,-2.585810146,-2.497038817,-2.60879961,-2.839871438,-2.791091501,-2.787269483,-2.81124206,
Lao People's Democratic Republic,544,"Fiscal, General Government, Net lending/borrowing, 2001 Manual, Percent of FY GDP",GGXCNL_G01_GDP_PT,Value,,-5.628904704,-4.527272967,-2.894633673,-3.040861786,-3.898491879,-4.093783338,-4.273960641,-4.357442066,-4.243768902,
Malaysia,548,"Fiscal, General Government, Net lending/borrowing, 2001 Manual, Percent of FY GDP",GGXCNL_G01_GDP_PT,Value,,-4.054742959,-2.6593525,-3.035474507,-3.362093737,-2.994143867,-2.70434518,-2.563890545,-2.339604426,-2.292147786,
Myanmar,518,"Fiscal, General Government, Net lending/borrowing, 2001 Manual, Percent of FY GDP",GGXCNL_G01_GDP_PT,Value,,-2.083943265,-0.561513134,-4.839816988,-4.576931036,-4.604311756,-4.619954007,-4.446446521,-4.258265185,-4.064233366,
Philippines,566,"Fiscal, General Government, Net lending/borrowing, 2001 Manual, Percent of FY GDP",GGXCNL_G01_GDP_PT,Value,,0.2003717,0.870250071,0.222520455,-0.402408658,-1.51256113,-1.703618676,-1.87402637,-1.993412092,-2.102136144,
Singapore,576,"Fiscal, General Government, Net lending/borrowing, 2001 Manual, Percent of FY GDP",GGXCNL_G01_GDP_PT,Value,,6.671884464,5.492366608,2.557631995,2.422658546,2.422582539,2.514339687,2.887337439,2.787554902,3.247595922,
Thailand,578,"Fiscal, General Government, Net lending/borrowing, 2001 Manual, Percent of FY GDP",GGXCNL_G01_GDP_PT,Value,,0.361810682,-0.847379843,0.253336949,-0.37289317,-0.434819929,-0.462266291,-0.485862952,-0.50412655,-0.515820487,
Vietnam,582,"Fiscal, General Government, Net lending/borrowing, 2001 Manual, Percent of FY GDP",GGXCNL_G01_GDP_PT,Value,,-7.415055882,-6.1458823,-5.897307896,-6.54274094,-5.971505232,-5.601877266,-5.389139282,-5.098778187,-5.050493784,
Bhutan,514,"Fiscal, General Government, Net lending/borrowing, 2001 Manual, Percent of FY GDP",GGXCNL_G01_GDP_PT,Value,,-5.789570486,2.853837434,-0.195548224,-0.665280173,-2.483133712,-0.512962737,-3.37645408,3.598250744,-0.987366198,
Fiji,819,"Fiscal, General Government, Net lending/borrowing, 2001 Manual, Percent of FY GDP",GGXCNL_G01_GDP_PT,Value,,-0.609366224,-4.268727566,-3.390974402,-5.691117308,-4.944205679,-3.444307654,-3.308714131,-3.106208762,-2.872202022,
Kiribati,826,"Fiscal, General Government, Net lending/borrowing, 2001 Manual, Percent of FY GDP",GGXCNL_G01_GDP_PT,Value,,10.37624944,23.51903508,48.9802676,-12.89118036,-13.03876847,-12.97494876,-13.79709798,-14.19604856,-14.10341056,
Maldives,556,"Fiscal, General Government, Net lending/borrowing, 2001 Manual, Percent of FY GDP",GGXCNL_G01_GDP_PT,Value,,-7.76430328,-9.372961022,-8.734181051,-13.65273343,-18.41244495,-19.11711571,-16.10293553,-11.12898249,-11.08325145,
"Marshall Islands, Republic of",867,"Fiscal, General Government, Net lending/borrowing, 2001 Manual, Percent of FY GDP",GGXCNL_G01_GDP_PT,Value,,-0.226121274,3.183597591,2.745963389,2.303926599,1.737109423,0.719879984,-0.051139258,-0.882772911,-1.265599225,
"Micronesia, Federated States of",868,"Fiscal, General Government, Net lending/borrowing, 2001 Manual, Percent of FY GDP",GGXCNL_G01_GDP_PT,Value,,2.876443504,11.20435235,3.046185173,2.996905769,2.281275786,2.177579176,2.103918618,1.90503627,1.510657448,
Palau,565,"Fiscal, General Government, Net lending/borrowing, 2001 Manual, Percent of FY GDP",GGXCNL_G01_GDP_PT,Value,,0.731902804,3.49598533,5.020635869,-2.042809669,-0.913598805,1.215789462,3.538095335,3.311521019,3.394270926,
Papua New Guinea,853,"Fiscal, General Government, Net lending/borrowing, 2001 Manual, Percent of FY GDP",GGXCNL_G01_GDP_PT,Value,,-6.907710486,-6.548158584,-5.105007761,-4.976627233,-5.17608072,-4.872369859,-4.128952055,-4.087780677,-3.541860486,
Samoa,862,"Fiscal, General Government, Net lending/borrowing, 2001 Manual, Percent of FY GDP",GGXCNL_G01_GDP_PT,Value,,-3.782932973,-5.28942628,-3.923473243,-3.368705448,-2.093820209,-3.489640607,-2.869371962,-2.633741763,-2.433741763,
Solomon Islands,813,"Fiscal, General Government, Net lending/borrowing, 2001 Manual, Percent of FY GDP",GGXCNL_G01_GDP_PT,Value,,4.199633934,1.702718097,-0.260785458,-1.336064437,-0.58920083,1.581264571,1.440389252,1.340590557,0.782673323,
"Timor-Leste, Dem. Rep. of",537,"Fiscal, General Government, Net lending/borrowing, 2001 Manual, Percent of FY GDP",GGXCNL_G01_GDP_PT,Value,,41.76660167,22.17202395,3.81988659,-17.65140985,-18.03221357,-18.17223636,-19.83216193,-21.61592774,-18.2550743,
Tonga,866,"Fiscal, General Government, Net lending/borrowing, 2001 Manual, Percent of FY GDP",GGXCNL_G01_GDP_PT,Value,,-0.170193476,0.364270802,-1.103134291,-1.279110553,-0.081014359,0.312935795,0.582460128,0.835875318,0.816457469,
Tuvalu,869,"Fiscal, General Government, Net lending/borrowing, 2001 Manual, Percent of FY GDP",GGXCNL_G01_GDP_PT,Value,,26.3474633,36.34504427,7.227809352,-2.741110769,-4.212451385,-5.268625965,-5.608640247,-5.654566175,-4.442826451,
Vanuatu,846,"Fiscal, General Government, Net lending/borrowing, 2001 Manual, Percent of FY GDP",GGXCNL_G01_GDP_PT,Value,,-0.232312705,0.750334588,7.172902815,-10.63238078,-17.25444999,-13.13485176,-8.962761409,-8.086197665,-5.454306955,
Mongolia,948,"Fiscal, General Government, Net lending/borrowing, 2001 Manual, Percent of FY GDP",GGXCNL_G01_GDP_PT,Value,,-8.89202712,-11.05049302,-8.282025806,-19.54950382,-12.15985352,-10.09329834,-9.035729018,-8.230311593,-8.107780542,
Asia,229,"Fiscal, General Government, Gross debt position, 2001 Manual, Percent of FY GDP",GGXWDG_G01_GDP_PT,Value,,83.54695866,81.70255855,79.68293361,85.20447748,87.34446858,87.03012421,86.07674228,84.53429521,82.81224699,
Samoa,862,"Fiscal, General Government, Gross debt position, 2001 Manual, Percent of FY GDP",GGXWDG_G01_GDP_PT,Value,,53.53930351,54.40364677,57.78012663,59.22215624,59.86903116,61.03846443,61.26104163,61.03099163,60.50099036,
Bangladesh,513,"National Accounts, Total Domestic Demand, Real, Constant Prices, Percent Change",NTDD_R_PC_PP_PT,Value,,5.594403658,6.159503658,6.526526189,6.78469371,7.348761225,7.744363975,8.059679303,7.496572441,6.656901633,
"China, P.R.: Macao",546,"National Accounts, Total Domestic Demand, Real, Constant Prices, Percent Change",NTDD_R_PC_PP_PT,Value,,6.676886473,17.19723928,1.932454974,-4.527850949,-0.965370026,-0.286125604,0.478784174,0.820633485,1.224854803,
"China, P.R.: Macao",546,"National Accounts, Gross Domestic Product in US Dollars, Constant Prices, in billions",NGDPD_USD,Value,,51549159817,55522818155,46177742517,44065975903,44968253288,45819780339,47305855283,49402779784,51643476578,
"China, P.R.: Macao",546,"National Accounts, Gross Domestic Product, Real, Constant Prices, Percent Change",NGDP_R_PC_PP_PT,Value,,11.20061279,-0.852107968,-20.34874242,-4.748693225,0.238774156,0.410595217,1.087283077,1.94296636,2.583093715,
"China, P.R.: Macao",546,"Prices, Consumer Price Index, All items, CPI (p.a.), percent change",PCPI_PC_PP_PT,Value,,5.503458316,6.04720899,4.563993469,2.6,2.8,2.8,2.8,2.8,2.8,
"China, P.R.: Macao",546,"Fiscal, General Government, Net lending/borrowing, 2001 Manual, Percent of FY GDP",GGXCNL_G01_GDP_PT,Value,,30.24497389,21.37307399,9.589113912,8.789086792,9.189086792,9.289086792,9.389086792,9.489086792,9.589086792,
"China, P.R.: Macao",546,"Balance of Payments, Current Account, Total, Net, Percent of GDP",BCA_GDP_BP6_PT,Value,,40.2458142,34.3593158,27.97806729,28.3916345,29.18811832,29.57351258,29.79294464,30.15780298,30.40000583,
"China, P.R.: Macao",546,"Fiscal, General Government, Gross debt position, 2001 Manual, Percent of FY GDP",GGXWDG_G01_GDP_PT,Value,,0,0,0,0,0,0,0,0,0,
"China, P.R.: Macao",546,"Balance of Payments, Current Account, Total, Net, In billions of US Dollars",BCA_BP6_USD,Value,,20746379080,19077260433,12919639876,12511050819,13125386975,13550518503,14093807277,14898792994,15699619889,
"Timor-Leste, Dem. Rep. of",537,"National Accounts, Total Domestic Demand, Real, Constant Prices, Percent Change",NTDD_R_PC_PP_PT,Value,,-16.1971831,6.070192783,-1.316324322,38.09029137,6.852536941,6.954074961,7.525696549,6.133938818,-1.057912146,
